Nielsen SKU Name,Year,PPG Name,Retailer,DATE,Level,Activity name,Mechanic,"Discount, NRV %",Weeknum,TE Off Inv,TE On Inv,COGS,PPG,List Price Nov 2019 Price per PC,List Price July 2020 Price per PC,List_Price,ROI
KORKUNOV ASSORT A DARK&MLK.CHOC.COAT ASR. 0.11KG K A,2021.0,A.Korkunov 110g,Lenta,2021-02-14,NA,21_SPRING MULTIBRAND_21_SPRING MULTIBRAND_21_SPRING MULTIBRAND,['Single price off % discount'],0.2,7,0.05,0.1993,83.85714285714285,A.Korkunov 110g,168.43,168.43,168.43,1.3472237165302
KORKUNOV ASSORT A DARK&MLK.CHOC.COAT ASR. 0.11KG K A,2021.0,A.Korkunov 110g,Lenta,2021-02-21,NA,21_SPRING MULTIBRAND_21_SPRING MULTIBRAND_21_SPRING MULTIBRAND,['Single price off % discount'],0.2,8,0.05,0.1993,83.85714285714285,A.Korkunov 110g,168.43,168.43,168.43,1.3472237165302
KORKUNOV ASSORT A DARK&MLK.CHOC.COAT ASR. 0.11KG K A,2021.0,A.Korkunov 110g,Lenta,2021-02-28,NA,21_SPRING MULTIBRAND_21_SPRING MULTIBRAND_21_SPRING MULTIBRAND,['Single price off % discount'],0.2,9,0.05,0.1993,83.85714285714285,A.Korkunov 110g,168.43,168.43,168.43,1.3472237165302
KORKUNOV ASSORT A DARK&MLK.CHOC.COAT ASR. 0.11KG K A,2021.0,A.Korkunov 110g,Lenta,2021-04-25,NA,Customized Promo_Customized Promo_Customized Promo,['Single price off % discount'],0.1,17,0.05,0.1993,83.85714285714285,A.Korkunov 110g,168.43,168.43,168.43,3.49669202555492
KORKUNOV ASSORT A DARK&MLK.CHOC.COAT ASR. 0.11KG K A,2021.0,A.Korkunov 110g,Lenta,2021-05-02,NA,Customized Promo_Customized Promo_Customized Promo,['Single price off % discount'],0.1,18,0.05,0.1993,83.85714285714285,A.Korkunov 110g,168.43,168.43,168.43,3.49669202555492
KORKUNOV ASSORT A DARK&MLK.CHOC.COAT ASR. 0.11KG K A,2021.0,A.Korkunov 110g,Lenta,2021-05-09,NA,Customized Promo_Customized Promo_Customized Promo,['Single price off % discount'],0.1,19,0.05,0.1993,83.85714285714285,A.Korkunov 110g,168.43,168.43,168.43,3.49669202555492
KORKUNOV ASSORT A DARK&MLK.CHOC.COAT ASR. 0.11KG K A,2021.0,A.Korkunov 110g,Lenta,2021-06-20,NA,Customized Promo_Customized Promo_Customized Promo,['Single price off % discount'],0.1,25,0.05,0.1993,83.85714285714285,A.Korkunov 110g,168.43,168.43,168.43,3.5472074280804
KORKUNOV ASSORT A DARK&MLK.CHOC.COAT ASR. 0.11KG K A,2021.0,A.Korkunov 110g,Lenta,2021-06-27,NA,Customized Promo_Customized Promo_Customized Promo,['Single price off % discount'],0.1,26,0.05,0.1993,83.85714285714285,A.Korkunov 110g,168.43,168.43,168.43,3.5472074280804
KORKUNOV ASSORT A DARK&MLK.CHOC.COAT ASR. 0.11KG K A,2021.0,A.Korkunov 110g,Lenta,2021-07-04,NA,Customized Promo_Customized Promo_Customized Promo,['Single price off % discount'],0.1,27,0.05,0.1993,83.85714285714285,A.Korkunov 110g,168.43,168.43,168.43,3.5472074280804
KORKUNOV ASSORT A DARK&MLK.CHOC.COAT ASR. 0.11KG K A,2021.0,A.Korkunov 110g,Lenta,2021-08-29,NA,21_TEACHER'S DAY_21_TEACHER'S DAY_21_TEACHER'S DAY,['Single price off % discount'],0.2,35,0.05,0.1993,83.85714285714285,A.Korkunov 110g,168.43,168.43,168.43,1.36965181125381
KORKUNOV ASSORT A DARK&MLK.CHOC.COAT ASR. 0.11KG K A,2021.0,A.Korkunov 110g,Lenta,2021-09-05,NA,21_TEACHER'S DAY_21_TEACHER'S DAY_21_TEACHER'S DAY,['Single price off % discount'],0.2,36,0.05,0.1993,83.85714285714285,A.Korkunov 110g,168.43,168.43,168.43,1.36965181125381
KORKUNOV ASSORT A DARK&MLK.CHOC.COAT ASR. 0.11KG K A,2021.0,A.Korkunov 110g,Lenta,2021-09-12,NA,21_TEACHER'S DAY_21_TEACHER'S DAY_21_TEACHER'S DAY,['Single price off % discount'],0.2,37,0.05,0.1993,83.85714285714285,A.Korkunov 110g,168.43,168.43,168.43,1.36965181125381
KORKUNOV ASSORT A DARK&MLK.CHOC.COAT ASR. 0.11KG K A,2021.0,A.Korkunov 110g,Lenta,2021-09-19,NA,21_TEACHER'S DAY_21_TEACHER'S DAY_21_TEACHER'S DAY,['Single price off % discount'],0.2,38,0.05,0.1993,83.85714285714285,A.Korkunov 110g,168.43,168.43,168.43,1.36965181125381
KORKUNOV ASSORT A DARK&MLK.CHOC.COAT ASR. 0.11KG K A,2021.0,A.Korkunov 110g,Lenta,2021-09-26,NA,21_TEACHER'S DAY_21_TEACHER'S DAY_21_TEACHER'S DAY,['Single price off % discount'],0.2,39,0.05,0.1993,83.85714285714285,A.Korkunov 110g,168.43,168.43,168.43,1.36965181125381
KORKUNOV ASSORT A DARK&MLK.CHOC.COAT ASR. 0.11KG K A,2021.0,A.Korkunov 110g,Lenta,2021-11-21,NA,21_NEW YEAR MULTIBRAND_21_NEW YEAR MULTIBRAND_21_NEW YEAR MULTIBRAND,['Single price off % discount'],0.2,47,0.05,0.1993,83.85714285714285,A.Korkunov 110g,168.43,168.43,168.43,1.34437899460602
KORKUNOV ASSORT A DARK&MLK.CHOC.COAT ASR. 0.11KG K A,2021.0,A.Korkunov 110g,Lenta,2021-11-28,NA,21_NEW YEAR MULTIBRAND_21_NEW YEAR MULTIBRAND_21_NEW YEAR MULTIBRAND,['Single price off % discount'],0.2,48,0.05,0.1993,83.85714285714285,A.Korkunov 110g,168.43,168.43,168.43,1.34437899460602
KORKUNOV ASSORT A DARK&MLK.CHOC.COAT ASR. 0.11KG K A,2021.0,A.Korkunov 110g,Lenta,2021-12-05,NA,21_NEW YEAR MULTIBRAND_21_NEW YEAR MULTIBRAND_21_NEW YEAR MULTIBRAND,['Single price off % discount'],0.2,49,0.05,0.1993,83.85714285714285,A.Korkunov 110g,168.43,168.43,168.43,1.34437899460602
KORKUNOV ASSORT A D.CH.COAT ASR. 0.192KG K A,2021.0,A.Korkunov 192g,Lenta,2021-01-03,NA,New Year Multibrand_New Year Multibrand,['Single price off % discount'],0.27,1,0.05,0.1993,120.92499999999998,A.Korkunov 192g,276.96,276.96,276.96,
KORKUNOV ASSORT A D.CH.COAT ASR. 0.192KG K A,2021.0,A.Korkunov 192g,Lenta,2021-02-14,NA,[Unknown]_[Unknown]_[Unknown]_[Unknown],['Single price off % discount'],0.15,7,0.05,0.1993,120.92499999999998,A.Korkunov 192g,276.96,276.96,276.96,1.52869781252311
KORKUNOV ASSORT A D.CH.COAT ASR. 0.192KG K A,2021.0,A.Korkunov 192g,Lenta,2021-02-21,NA,[Unknown]_[Unknown]_[Unknown]_[Unknown],['Single price off % discount'],0.15,8,0.05,0.1993,120.92499999999998,A.Korkunov 192g,276.96,276.96,276.96,1.52869781252311
KORKUNOV ASSORT A D.CH.COAT ASR. 0.192KG K A,2021.0,A.Korkunov 192g,Lenta,2021-02-28,NA,[Unknown]_[Unknown]_[Unknown]_[Unknown]_[Unknown]_[Unknown]_[Unknown]_[Unknown],['Single price off % discount'],0.25,9,0.05,0.1993,120.92499999999998,A.Korkunov 192g,276.96,276.96,276.96,1.52869781252311
KORKUNOV ASSORT A D.CH.COAT ASR. 0.192KG K A,2021.0,A.Korkunov 192g,Lenta,2021-03-07,NA,[Unknown]_[Unknown]_[Unknown]_[Unknown],['Single price off % discount'],0.25,10,0.05,0.1993,120.92499999999998,A.Korkunov 192g,276.96,276.96,276.96,1.30178188051812
KORKUNOV ASSORT A D.CH.COAT ASR. 0.192KG K A,2021.0,A.Korkunov 192g,Lenta,2021-03-14,NA,[Unknown]_[Unknown]_[Unknown]_[Unknown],['Single price off % discount'],0.25,11,0.05,0.1993,120.92499999999998,A.Korkunov 192g,276.96,276.96,276.96,1.30178188051812
KORKUNOV ASSORT A D.CH.COAT ASR. 0.192KG K A,2021.0,A.Korkunov 192g,Lenta,2021-04-25,NA,Customized Promo_Customized Promo_Customized Promo_Customized Promo,['Single price off % discount'],0.1,17,0.05,0.1993,120.92499999999998,A.Korkunov 192g,276.96,276.96,276.96,0.598636869681121
KORKUNOV ASSORT A D.CH.COAT ASR. 0.192KG K A,2021.0,A.Korkunov 192g,Lenta,2021-05-02,NA,Customized Promo_Customized Promo_Customized Promo_Customized Promo,['Single price off % discount'],0.1,18,0.05,0.1993,120.92499999999998,A.Korkunov 192g,276.96,276.96,276.96,0.598636869681121
KORKUNOV ASSORT A D.CH.COAT ASR. 0.192KG K A,2021.0,A.Korkunov 192g,Lenta,2021-05-09,NA,Customized Promo_Customized Promo_Customized Promo_Customized Promo,['Single price off % discount'],0.1,19,0.05,0.1993,120.92499999999998,A.Korkunov 192g,276.96,276.96,276.96,0.598636869681121
KORKUNOV ASSORT A D.CH.COAT ASR. 0.192KG K A,2021.0,A.Korkunov 192g,Lenta,2021-06-20,NA,Customized Promo_Customized Promo_Customized Promo_Customized Promo,['Single price off % discount'],0.1,25,0.05,0.1993,120.92499999999998,A.Korkunov 192g,276.96,276.96,276.96,0.581485463385288
KORKUNOV ASSORT A D.CH.COAT ASR. 0.192KG K A,2021.0,A.Korkunov 192g,Lenta,2021-06-27,NA,Customized Promo_Customized Promo_Customized Promo_Customized Promo,['Single price off % discount'],0.1,26,0.05,0.1993,120.92499999999998,A.Korkunov 192g,276.96,276.96,276.96,0.581485463385288
KORKUNOV ASSORT A D.CH.COAT ASR. 0.192KG K A,2021.0,A.Korkunov 192g,Lenta,2021-07-04,NA,Customized Promo_Customized Promo_Customized Promo_Customized Promo,['Single price off % discount'],0.1,27,0.05,0.1993,120.92499999999998,A.Korkunov 192g,276.96,276.96,276.96,0.581485463385288
KORKUNOV ASSORT A D.CH.COAT ASR. 0.192KG K A,2021.0,A.Korkunov 192g,Lenta,2021-08-15,NA,21_B2S MULTIBRAND_21_B2S MULTIBRAND_21_B2S MULTIBRAND_21_B2S MULTIBRAND,['Single price off % discount'],0.2,33,0.05,0.1993,120.92499999999998,A.Korkunov 192g,276.96,276.96,276.96,1.42580071645877
KORKUNOV ASSORT A D.CH.COAT ASR. 0.192KG K A,2021.0,A.Korkunov 192g,Lenta,2021-08-22,NA,21_B2S MULTIBRAND_21_B2S MULTIBRAND_21_B2S MULTIBRAND_21_B2S MULTIBRAND,['Single price off % discount'],0.2,34,0.05,0.1993,120.92499999999998,A.Korkunov 192g,276.96,276.96,276.96,1.42580071645877
KORKUNOV ASSORT A D.CH.COAT ASR. 0.192KG K A,2021.0,A.Korkunov 192g,Lenta,2021-08-29,NA,21_B2S MULTIBRAND_21_B2S MULTIBRAND_21_B2S MULTIBRAND_21_B2S MULTIBRAND,['Single price off % discount'],0.2,35,0.05,0.1993,120.92499999999998,A.Korkunov 192g,276.96,276.96,276.96,1.42580071645877
KORKUNOV ASSORT A D.CH.COAT ASR. 0.192KG K A,2021.0,A.Korkunov 192g,Lenta,2021-11-07,NA,21_NEW YEAR MULTIBRAND_21_NEW YEAR MULTIBRAND_21_NEW YEAR MULTIBRAND_21_NEW YEAR MULTIBRAND,['Single price off % discount'],0.15,45,0.05,0.1993,120.92499999999998,A.Korkunov 192g,276.96,276.96,276.96,1.54176339165355
KORKUNOV ASSORT A D.CH.COAT ASR. 0.192KG K A,2021.0,A.Korkunov 192g,Lenta,2021-11-14,NA,21_NEW YEAR MULTIBRAND_21_NEW YEAR MULTIBRAND_21_NEW YEAR MULTIBRAND_21_NEW YEAR MULTIBRAND,['Single price off % discount'],0.15,46,0.05,0.1993,120.92499999999998,A.Korkunov 192g,276.96,276.96,276.96,1.54176339165355
KORKUNOV ASSORT A D.CH.COAT ASR. 0.192KG K A,2021.0,A.Korkunov 192g,Lenta,2021-11-21,NA,21_NEW YEAR MULTIBRAND_21_NEW YEAR MULTIBRAND_21_NEW YEAR MULTIBRAND_21_NEW YEAR MULTIBRAND_21_NEW YEAR MULTIBRAND_21_NEW YEAR MULTIBRAND_21_NEW YEAR MULTIBRAND_21_NEW YEAR MULTIBRAND,['Single price off % discount'],0.15,47,0.05,0.1993,120.92499999999998,A.Korkunov 192g,276.96,276.96,276.96,1.54176339165355
KORKUNOV ASSORT A D.CH.COAT ASR. 0.192KG K A,2021.0,A.Korkunov 192g,Lenta,2021-11-28,NA,21_NEW YEAR MULTIBRAND_21_NEW YEAR MULTIBRAND_21_NEW YEAR MULTIBRAND_21_NEW YEAR MULTIBRAND,['Single price off % discount'],0.15,48,0.05,0.1993,120.92499999999998,A.Korkunov 192g,276.96,276.96,276.96,1.50683857839841
KORKUNOV ASSORT A D.CH.COAT ASR. 0.192KG K A,2021.0,A.Korkunov 192g,Lenta,2021-12-05,NA,21_NEW YEAR MULTIBRAND_21_NEW YEAR MULTIBRAND_21_NEW YEAR MULTIBRAND_21_NEW YEAR MULTIBRAND_21_NEW YEAR MULTIBRAND_21_NEW YEAR MULTIBRAND_21_NEW YEAR MULTIBRAND_21_NEW YEAR MULTIBRAND,['Single price off % discount'],0.25,49,0.05,0.1993,120.92499999999998,A.Korkunov 192g,276.96,276.96,276.96,1.50683857839841
KORKUNOV ASSORT A D.CH.COAT ASR. 0.192KG K A,2021.0,A.Korkunov 192g,Lenta,2021-12-12,NA,21_NEW YEAR MULTIBRAND_21_NEW YEAR MULTIBRAND_21_NEW YEAR MULTIBRAND_21_NEW YEAR MULTIBRAND,['Single price off % discount'],0.25,50,0.05,0.1993,120.92499999999998,A.Korkunov 192g,276.96,276.96,276.96,1.29310770763644
KORKUNOV ASSORT A D.CH.COAT ASR. 0.192KG K A,2021.0,A.Korkunov 192g,Lenta,2021-12-19,NA,21_NEW YEAR MULTIBRAND_21_NEW YEAR MULTIBRAND_21_NEW YEAR MULTIBRAND_21_NEW YEAR MULTIBRAND,['Single price off % discount'],0.25,51,0.05,0.1993,120.92499999999998,A.Korkunov 192g,276.96,276.96,276.96,1.29310770763644
KORKUNOV ASSORT A D.CH.COAT ASR. 0.192KG K A,2021.0,A.Korkunov 192g,Lenta,2021-12-26,NA,21_NEW YEAR MULTIBRAND_21_NEW YEAR MULTIBRAND_21_NEW YEAR MULTIBRAND_21_NEW YEAR MULTIBRAND,['Single price off % discount'],0.25,52,0.05,0.1993,120.92499999999998,A.Korkunov 192g,276.96,276.96,276.96,1.29310770763644
MARS(MARS) MAX MCH CARAM&NOUGA BR 0.081KG,2021.0,Big Bars,Lenta,2021-03-14,NA,"21_Snickers EBA, Nut Butter +BBP#1_21_Snickers EBA, Nut Butter +BBP#1_21_Snickers EBA, Nut Butter +BBP#1_21_Snickers EBA, Nut Butter +BBP#1_21_Snickers EBA, Nut Butter +BBP#1",['Single price off % discount'],0.15,11,0.05,0.1993,14.453080357142856,Big Bars,37.7,40.08,40.08,1.75266358537179
MARS(MARS) MAX MCH CARAM&NOUGA BR 0.081KG,2021.0,Big Bars,Lenta,2021-03-21,NA,"21_Snickers EBA, Nut Butter +BBP#1_21_Snickers EBA, Nut Butter +BBP#1_21_Snickers EBA, Nut Butter +BBP#1_21_Snickers EBA, Nut Butter +BBP#1_21_Snickers EBA, Nut Butter +BBP#1",['Single price off % discount'],0.15,12,0.05,0.1993,14.453080357142856,Big Bars,37.7,40.08,40.08,1.75266358537179
MARS(MARS) MAX MCH CARAM&NOUGA BR 0.081KG,2021.0,Big Bars,Lenta,2021-03-28,NA,"21_Snickers EBA, Nut Butter +BBP#1_21_Snickers EBA, Nut Butter +BBP#1_21_Snickers EBA, Nut Butter +BBP#1_21_Snickers EBA, Nut Butter +BBP#1_21_Snickers EBA, Nut Butter +BBP#1",['Single price off % discount'],0.15,13,0.05,0.1993,14.453080357142856,Big Bars,37.7,40.08,40.08,1.75266358537179
MARS(MARS) MAX MCH CARAM&NOUGA BR 0.081KG,2021.0,Big Bars,Lenta,2021-08-29,NA,21_Snickers EBA + BBP#2_21_Snickers EBA + BBP#2_21_Snickers EBA + BBP#2_21_Snickers EBA + BBP#2,['Single price off % discount'],0.15,35,0.05,0.1993,14.453080357142856,Big Bars,37.7,40.08,40.08,1.76286390920705
MARS(MARS) MAX MCH CARAM&NOUGA BR 0.081KG,2021.0,Big Bars,Lenta,2021-09-05,NA,21_Snickers EBA + BBP#2_21_Snickers EBA + BBP#2_21_Snickers EBA + BBP#2_21_Snickers EBA + BBP#2,['Single price off % discount'],0.15,36,0.05,0.1993,14.453080357142856,Big Bars,37.7,40.08,40.08,1.76286390920705
MARS(MARS) MAX MCH CARAM&NOUGA BR 0.081KG,2021.0,Big Bars,Lenta,2021-09-12,NA,21_Snickers EBA + BBP#2_21_Snickers EBA + BBP#2_21_Snickers EBA + BBP#2_21_Snickers EBA + BBP#2,['Single price off % discount'],0.15,37,0.05,0.1993,14.453080357142856,Big Bars,37.7,40.08,40.08,1.76286390920705
MARS(MARS) MAX MCH CARAM&NOUGA BR 0.081KG,2021.0,Big Bars,Lenta,2021-09-19,NA,21_Snickers EBA + BBP#2_21_Snickers EBA + BBP#2_21_Snickers EBA + BBP#2_21_Snickers EBA + BBP#2,['Single price off % discount'],0.15,38,0.05,0.1993,14.453080357142856,Big Bars,37.7,40.08,40.08,1.76286390920705
MARS(MARS) MAX MCH CARAM&NOUGA BR 0.081KG,2021.0,Big Bars,Lenta,2021-09-26,NA,21_Snickers EBA + BBP#2_21_Snickers EBA + BBP#2_21_Snickers EBA + BBP#2_21_Snickers EBA + BBP#2,['Single price off % discount'],0.15,39,0.05,0.1993,14.453080357142856,Big Bars,37.7,40.08,40.08,1.76286390920705
MARS(MARS) MAX MCH CARAM&NOUGA BR 0.081KG,2021.0,Big Bars,Lenta,2021-10-24,NA,21_Snickers EBA + BBP#3_21_Snickers EBA + BBP#3_21_Snickers EBA + BBP#3_21_Snickers EBA + BBP#3,['Single price off % discount'],0.15,43,0.05,0.1993,14.453080357142856,Big Bars,37.7,40.08,40.08,1.80850314183645
MARS(MARS) MAX MCH CARAM&NOUGA BR 0.081KG,2021.0,Big Bars,Lenta,2021-10-31,NA,21_Snickers EBA + BBP#3_21_Snickers EBA + BBP#3_21_Snickers EBA + BBP#3_21_Snickers EBA + BBP#3,['Single price off % discount'],0.15,44,0.05,0.1993,14.453080357142856,Big Bars,37.7,40.08,40.08,1.80850314183645
MARS(MARS) MAX MCH CARAM&NOUGA BR 0.081KG,2021.0,Big Bars,Lenta,2021-11-07,NA,21_Snickers EBA + BBP#3_21_Snickers EBA + BBP#3_21_Snickers EBA + BBP#3_21_Snickers EBA + BBP#3,['Single price off % discount'],0.15,45,0.05,0.1993,14.453080357142856,Big Bars,37.7,40.08,40.08,1.80850314183645
MARS(MARS) MAX MCH CARAM&NOUGA BR 0.081KG,2021.0,Big Bars,Lenta,2021-11-14,NA,21_Snickers EBA + BBP#3_21_Snickers EBA + BBP#3_21_Snickers EBA + BBP#3_21_Snickers EBA + BBP#3,['Single price off % discount'],0.15,46,0.05,0.1993,14.453080357142856,Big Bars,37.7,40.08,40.08,1.80850314183645
MARS(MARS) MINIS CARML&NGT 1KG,2021.0,Loose,Lenta,2021-01-03,NA,New Year Multibrand_New Year Multibrand_21_Twix EBA + FC Salted Caramel LE_21_Twix EBA + FC Salted Caramel LE_21_Twix EBA + FC Salted Caramel LE_21_Twix EBA + FC Salted Caramel LE,['In-out with % discount' 'Single price off % discount'],0.15,1,0.05,0.1993,91.65998692856459,Loose,449.2762214615922,492.9712588849252,492.9712588849252,1.52545624081559
MARS(MARS) MINIS CARML&NGT 1KG,2021.0,Loose,Lenta,2021-01-10,NA,21_Twix EBA + FC Salted Caramel LE_21_Twix EBA + FC Salted Caramel LE_21_Twix EBA + FC Salted Caramel LE_21_Twix EBA + FC Salted Caramel LE,['Single price off % discount'],0.15,2,0.05,0.1993,91.65998692856459,Loose,449.2762214615922,492.9712588849252,492.9712588849252,1.52545624081559
MARS(MARS) MINIS CARML&NGT 1KG,2021.0,Loose,Lenta,2021-01-17,NA,21_Twix EBA + FC Salted Caramel LE_21_Twix EBA + FC Salted Caramel LE_21_Twix EBA + FC Salted Caramel LE_21_Twix EBA + FC Salted Caramel LE,['Single price off % discount'],0.15,3,0.05,0.1993,91.65998692856459,Loose,449.2762214615922,492.9712588849252,492.9712588849252,1.52545624081559
MARS(MARS) MINIS CARML&NGT 1KG,2021.0,Loose,Lenta,2021-02-28,NA,21_SPRING MULTIBRAND_21_SPRING MULTIBRAND_21_SPRING MULTIBRAND_21_SPRING MULTIBRAND_21_SPRING MULTIBRAND,['Single price off % discount'],0.15,9,0.05,0.1993,91.65998692856459,Loose,449.2762214615922,492.9712588849252,492.9712588849252,1.69143620735419
MARS(MARS) MINIS CARML&NGT 1KG,2021.0,Loose,Lenta,2021-03-07,NA,21_SPRING MULTIBRAND_21_SPRING MULTIBRAND_21_SPRING MULTIBRAND_21_SPRING MULTIBRAND_21_SPRING MULTIBRAND,['Single price off % discount'],0.15,10,0.05,0.1993,91.65998692856459,Loose,449.2762214615922,492.9712588849252,492.9712588849252,1.69143620735419
MARS(MARS) MINIS CARML&NGT 1KG,2021.0,Loose,Lenta,2021-03-14,NA,21_SPRING MULTIBRAND_21_SPRING MULTIBRAND_21_SPRING MULTIBRAND_21_SPRING MULTIBRAND_21_SPRING MULTIBRAND,['Single price off % discount'],0.15,11,0.05,0.1993,91.65998692856459,Loose,449.2762214615922,492.9712588849252,492.9712588849252,1.69143620735419
MARS(MARS) MINIS CARML&NGT 1KG,2021.0,Loose,Lenta,2021-04-11,NA,21_Twix EBA + FC Salted Caramel LE_21_Twix EBA + FC Salted Caramel LE_21_Twix EBA + FC Salted Caramel LE_21_Twix EBA + FC Salted Caramel LE_21_Twix EBA + FC Salted Caramel LE,['Single price off % discount'],0.15,15,0.05,0.1993,91.65998692856459,Loose,449.2762214615922,492.9712588849252,492.9712588849252,1.56125710639236
MARS(MARS) MINIS CARML&NGT 1KG,2021.0,Loose,Lenta,2021-04-18,NA,21_Twix EBA + FC Salted Caramel LE_21_Twix EBA + FC Salted Caramel LE_21_Twix EBA + FC Salted Caramel LE_21_Twix EBA + FC Salted Caramel LE_21_Twix EBA + FC Salted Caramel LE,['Single price off % discount'],0.15,16,0.05,0.1993,91.65998692856459,Loose,449.2762214615922,492.9712588849252,492.9712588849252,1.56125710639236
MARS(MARS) MINIS CARML&NGT 1KG,2021.0,Loose,Lenta,2021-04-25,NA,21_Twix EBA + FC Salted Caramel LE_21_Twix EBA + FC Salted Caramel LE_21_Twix EBA + FC Salted Caramel LE_21_Twix EBA + FC Salted Caramel LE_21_Twix EBA + FC Salted Caramel LE,['Single price off % discount'],0.15,17,0.05,0.1993,91.65998692856459,Loose,449.2762214615922,492.9712588849252,492.9712588849252,1.56125710639236
MARS(MARS) MINIS CARML&NGT 1KG,2021.0,Loose,Lenta,2021-05-02,NA,21_Twix EBA + FC Salted Caramel LE_21_Twix EBA + FC Salted Caramel LE_21_Twix EBA + FC Salted Caramel LE_21_Twix EBA + FC Salted Caramel LE_21_Twix EBA + FC Salted Caramel LE,['Single price off % discount'],0.15,18,0.05,0.1993,91.65998692856459,Loose,449.2762214615922,492.9712588849252,492.9712588849252,1.56125710639236
MARS(MARS) MINIS CARML&NGT 1KG,2021.0,Loose,Lenta,2021-05-09,NA,21_Twix EBA + FC Salted Caramel LE_21_Twix EBA + FC Salted Caramel LE_21_Twix EBA + FC Salted Caramel LE_21_Twix EBA + FC Salted Caramel LE_21_Twix EBA + FC Salted Caramel LE,['Single price off % discount'],0.15,19,0.05,0.1993,91.65998692856459,Loose,449.2762214615922,492.9712588849252,492.9712588849252,1.56125710639236
MARS(MARS) MINIS CARML&NGT 1KG,2021.0,Loose,Lenta,2021-07-04,NA,[Unknown]_[Unknown]_[Unknown]_[Unknown]_[Unknown],['Single price off % discount'],0.15,27,0.05,0.1993,91.65998692856459,Loose,449.2762214615922,492.9712588849252,492.9712588849252,1.53187465173321
MARS(MARS) MINIS CARML&NGT 1KG,2021.0,Loose,Lenta,2021-07-11,NA,[Unknown]_[Unknown]_[Unknown]_[Unknown]_[Unknown],['Single price off % discount'],0.15,28,0.05,0.1993,91.65998692856459,Loose,449.2762214615922,492.9712588849252,492.9712588849252,1.53187465173321
MARS(MARS) MINIS CARML&NGT 1KG,2021.0,Loose,Lenta,2021-07-18,NA,[Unknown]_[Unknown]_[Unknown]_[Unknown]_[Unknown],['Single price off % discount'],0.15,29,0.05,0.1993,91.65998692856459,Loose,449.2762214615922,492.9712588849252,492.9712588849252,1.53187465173321
MARS(MARS) MINIS CARML&NGT 1KG,2021.0,Loose,Lenta,2021-08-29,NA,21_B2S MULTIBRAND_21_B2S MULTIBRAND_21_B2S MULTIBRAND_21_B2S MULTIBRAND_21_B2S MULTIBRAND,['Single price off % discount'],0.15,35,0.05,0.1993,91.65998692856459,Loose,449.2762214615922,492.9712588849252,492.9712588849252,1.67596284526578
MARS(MARS) MINIS CARML&NGT 1KG,2021.0,Loose,Lenta,2021-09-05,NA,21_B2S MULTIBRAND_21_B2S MULTIBRAND_21_B2S MULTIBRAND_21_B2S MULTIBRAND_21_B2S MULTIBRAND,['Single price off % discount'],0.15,36,0.05,0.1993,91.65998692856459,Loose,449.2762214615922,492.9712588849252,492.9712588849252,1.67596284526578
MARS(MARS) MINIS CARML&NGT 1KG,2021.0,Loose,Lenta,2021-09-12,NA,21_B2S MULTIBRAND_21_B2S MULTIBRAND_21_B2S MULTIBRAND_21_B2S MULTIBRAND_21_B2S MULTIBRAND,['Single price off % discount'],0.15,37,0.05,0.1993,91.65998692856459,Loose,449.2762214615922,492.9712588849252,492.9712588849252,1.67596284526578
MARS(MARS) MINIS CARML&NGT 1KG,2021.0,Loose,Lenta,2021-10-10,NA,21_Twix EBA + FC Salted Caramel LE,['Single price off % discount'],0.15,41,0.05,0.1993,91.65998692856459,Loose,449.2762214615922,492.9712588849252,492.9712588849252,1.61618028106699
MARS(MARS) MINIS CARML&NGT 1KG,2021.0,Loose,Lenta,2021-10-17,NA,21_Twix EBA + FC Salted Caramel LE,['Single price off % discount'],0.15,42,0.05,0.1993,91.65998692856459,Loose,449.2762214615922,492.9712588849252,492.9712588849252,1.61618028106699
MARS(MARS) MINIS CARML&NGT 1KG,2021.0,Loose,Lenta,2021-10-24,NA,21_Twix EBA + FC Salted Caramel LE_Customized Promo,['Single price off % discount'],0.15,43,0.05,0.1993,91.65998692856459,Loose,449.2762214615922,492.9712588849252,492.9712588849252,10.8187726283702
MARS(MARS) MINIS CARML&NGT 1KG,2021.0,Loose,Lenta,2021-10-31,NA,Customized Promo,['Single price off % discount'],0.15,44,0.05,0.1993,91.65998692856459,Loose,449.2762214615922,492.9712588849252,492.9712588849252,10.8187726283702
MARS(MARS) MINIS CARML&NGT 1KG,2021.0,Loose,Lenta,2021-11-07,NA,Customized Promo,['Single price off % discount'],0.15,45,0.05,0.1993,91.65998692856459,Loose,449.2762214615922,492.9712588849252,492.9712588849252,10.8187726283702
MARS(MARS) MINIS CARML&NGT 1KG,2021.0,Loose,Lenta,2021-11-14,NA,Customized Promo_21_NEW YEAR MULTIBRAND_21_NEW YEAR MULTIBRAND_21_NEW YEAR MULTIBRAND_21_NEW YEAR MULTIBRAND_21_NEW YEAR MULTIBRAND,['Single price off % discount'],0.15,46,0.05,0.1993,91.65998692856459,Loose,449.2762214615922,492.9712588849252,492.9712588849252,10.8187726283702
MARS(MARS) MINIS CARML&NGT 1KG,2021.0,Loose,Lenta,2021-11-21,NA,21_NEW YEAR MULTIBRAND_21_NEW YEAR MULTIBRAND_21_NEW YEAR MULTIBRAND_21_NEW YEAR MULTIBRAND,['Single price off % discount'],0.15,47,0.05,0.1993,91.65998692856459,Loose,449.2762214615922,492.9712588849252,492.9712588849252,1.74794786495919
MARS(MARS) MINIS CARML&NGT 1KG,2021.0,Loose,Lenta,2021-11-28,NA,21_NEW YEAR MULTIBRAND_21_NEW YEAR MULTIBRAND_21_NEW YEAR MULTIBRAND_21_NEW YEAR MULTIBRAND,['Single price off % discount'],0.15,48,0.05,0.1993,91.65998692856459,Loose,449.2762214615922,492.9712588849252,492.9712588849252,1.74794786495919
MARS(MARS) MINIS CARML&NGT 1KG,2021.0,Loose,Lenta,2021-12-05,NA,21_NEW YEAR MULTIBRAND_21_NEW YEAR MULTIBRAND_21_NEW YEAR MULTIBRAND_21_NEW YEAR MULTIBRAND,['Single price off % discount'],0.15,49,0.05,0.1993,91.65998692856459,Loose,449.2762214615922,492.9712588849252,492.9712588849252,1.74794786495919
MARS(MARS) MINIS CARML&NGT 1KG,2021.0,Loose,Lenta,2021-12-12,NA,21_NEW YEAR MULTIBRAND_21_NEW YEAR MULTIBRAND_21_NEW YEAR MULTIBRAND_21_NEW YEAR MULTIBRAND,['Single price off % discount'],0.15,50,0.05,0.1993,91.65998692856459,Loose,449.2762214615922,492.9712588849252,492.9712588849252,1.74794786495919
MARS(MARS) MINIS CARML&NGT 1KG,2021.0,Loose,Lenta,2021-12-19,NA,21_NEW YEAR MULTIBRAND_21_NEW YEAR MULTIBRAND_21_NEW YEAR MULTIBRAND_21_NEW YEAR MULTIBRAND,['Single price off % discount'],0.15,51,0.05,0.1993,91.65998692856459,Loose,449.2762214615922,492.9712588849252,492.9712588849252,1.74794786495919
MARS(MARS) MINIS CARML&NGT 1KG,2021.0,Loose,Lenta,2021-12-26,NA,21_NEW YEAR MULTIBRAND_21_NEW YEAR MULTIBRAND_21_NEW YEAR MULTIBRAND_21_NEW YEAR MULTIBRAND,['Single price off % discount'],0.15,52,0.05,0.1993,91.65998692856459,Loose,449.2762214615922,492.9712588849252,492.9712588849252,1.74794786495919
M&M`S S SHOKOLADOM CHOC. 0.36KG S,2021.0,M&M 360g,Lenta,2021-01-03,NA,GC Bitesize promo,['Single price off % discount'],0.15,1,0.05,0.1993,97.25,M&M 360g,183.17,197.09,197.09,
M&M`S S SHOKOLADOM CHOC. 0.36KG S,2021.0,M&M 360g,Lenta,2021-04-18,NA,21_SPRING MULTIBRAND_21_SPRING MULTIBRAND,['Single price off % discount'],0.2,16,0.05,0.1993,97.25,M&M 360g,183.17,197.09,197.09,1.14874644106535
M&M`S S SHOKOLADOM CHOC. 0.36KG S,2021.0,M&M 360g,Lenta,2021-04-25,NA,21_SPRING MULTIBRAND_21_SPRING MULTIBRAND,['Single price off % discount'],0.2,17,0.05,0.1993,97.25,M&M 360g,183.17,197.09,197.09,1.14874644106535
M&M`S S SHOKOLADOM CHOC. 0.36KG S,2021.0,M&M 360g,Lenta,2021-05-02,NA,21_SPRING MULTIBRAND_21_SPRING MULTIBRAND,['Single price off % discount'],0.2,18,0.05,0.1993,97.25,M&M 360g,183.17,197.09,197.09,1.14874644106535
M&M`S S SHOKOLADOM CHOC. 0.36KG S,2021.0,M&M 360g,Lenta,2021-06-06,NA,Tactical Promo_Tactical Promo,['Single price off % discount'],0.2,23,0.05,0.1993,97.25,M&M 360g,183.17,197.09,197.09,1.13510800743701
M&M`S S SHOKOLADOM CHOC. 0.36KG S,2021.0,M&M 360g,Lenta,2021-06-13,NA,Tactical Promo_Tactical Promo,['Single price off % discount'],0.2,24,0.05,0.1993,97.25,M&M 360g,183.17,197.09,197.09,1.13510800743701
M&M`S S SHOKOLADOM CHOC. 0.36KG S,2021.0,M&M 360g,Lenta,2021-06-20,NA,Tactical Promo_Tactical Promo,['Single price off % discount'],0.2,25,0.05,0.1993,97.25,M&M 360g,183.17,197.09,197.09,1.13510800743701
M&M`S S SHOKOLADOM CHOC. 0.36KG S,2021.0,M&M 360g,Lenta,2021-08-15,NA,Tactical Promo_Tactical Promo,['Single price off % discount'],0.2,33,0.05,0.1993,97.25,M&M 360g,183.17,197.09,197.09,1.16252626210913
M&M`S S SHOKOLADOM CHOC. 0.36KG S,2021.0,M&M 360g,Lenta,2021-08-22,NA,Tactical Promo_Tactical Promo,['Single price off % discount'],0.2,34,0.05,0.1993,97.25,M&M 360g,183.17,197.09,197.09,1.16252626210913
M&M`S S SHOKOLADOM CHOC. 0.36KG S,2021.0,M&M 360g,Lenta,2021-08-29,NA,Tactical Promo_Tactical Promo,['Single price off % discount'],0.2,35,0.05,0.1993,97.25,M&M 360g,183.17,197.09,197.09,1.16252626210913
M&M`S S SHOKOLADOM CHOC. 0.36KG S,2021.0,M&M 360g,Lenta,2021-12-05,NA,21_NEW YEAR MULTIBRAND_21_NEW YEAR MULTIBRAND,['Single price off % discount'],0.2,49,0.05,0.1993,97.25,M&M 360g,183.17,197.09,197.09,1.30647848360077
M&M`S S SHOKOLADOM CHOC. 0.36KG S,2021.0,M&M 360g,Lenta,2021-12-12,NA,21_NEW YEAR MULTIBRAND_21_NEW YEAR MULTIBRAND,['Single price off % discount'],0.2,50,0.05,0.1993,97.25,M&M 360g,183.17,197.09,197.09,1.30647848360077
M&M`S S SHOKOLADOM CHOC. 0.36KG S,2021.0,M&M 360g,Lenta,2021-12-19,NA,21_NEW YEAR MULTIBRAND_21_NEW YEAR MULTIBRAND,['Single price off % discount'],0.2,51,0.05,0.1993,97.25,M&M 360g,183.17,197.09,197.09,1.30647848360077
M&M`S S SHOKOLADOM CHOC. 0.36KG S,2021.0,M&M 360g,Lenta,2021-12-26,NA,21_NEW YEAR MULTIBRAND_21_NEW YEAR MULTIBRAND,['Single price off % discount'],0.2,52,0.05,0.1993,97.25,M&M 360g,183.17,197.09,197.09,1.30647848360077
ORBIT(MARS) YAGODNIY MIKS BERRY MIX F 10P 0.0136KG WP,2021.0,Orbit OTC,Lenta,2021-01-03,NA,[Unknown]_[Unknown],['2 + 1 free'],0.25,1,0.05,0.2732,4.900833333333335,Orbit OTC,19.09999999999999,20.44,20.44,
ORBIT(MARS) YAGODNIY MIKS BERRY MIX F 10P 0.0136KG WP,2021.0,Orbit OTC,Lenta,2021-03-14,NA,21_Orbit Reinforce chew EBA_21_Orbit Reinforce chew EBA_21_Orbit Reinforce chew EBA_21_Orbit Reinforce chew EBA_21_Orbit Reinforce chew EBA_21_Orbit Reinforce chew EBA_21_Orbit Reinforce chew EBA_21_Orbit Reinforce chew EBA_21_Orbit Reinforce chew EBA_21_Orbit Reinforce chew EBA,['2 + 1 free'],0.25,11,0.05,0.2732,4.900833333333335,Orbit OTC,19.09999999999999,20.44,20.44,1.44320024543376
ORBIT(MARS) YAGODNIY MIKS BERRY MIX F 10P 0.0136KG WP,2021.0,Orbit OTC,Lenta,2021-03-21,NA,21_Orbit Reinforce chew EBA_21_Orbit Reinforce chew EBA_21_Orbit Reinforce chew EBA_21_Orbit Reinforce chew EBA_21_Orbit Reinforce chew EBA_21_Orbit Reinforce chew EBA_21_Orbit Reinforce chew EBA_21_Orbit Reinforce chew EBA_21_Orbit Reinforce chew EBA_21_Orbit Reinforce chew EBA,['2 + 1 free'],0.25,12,0.05,0.2732,4.900833333333335,Orbit OTC,19.09999999999999,20.44,20.44,1.44320024543376
ORBIT(MARS) YAGODNIY MIKS BERRY MIX F 10P 0.0136KG WP,2021.0,Orbit OTC,Lenta,2021-03-28,NA,21_Orbit Reinforce chew EBA_21_Orbit Reinforce chew EBA_21_Orbit Reinforce chew EBA_21_Orbit Reinforce chew EBA_21_Orbit Reinforce chew EBA_21_Orbit Reinforce chew EBA_21_Orbit Reinforce chew EBA_21_Orbit Reinforce chew EBA_21_Orbit Reinforce chew EBA_21_Orbit Reinforce chew EBA,['2 + 1 free'],0.25,13,0.05,0.2732,4.900833333333335,Orbit OTC,19.09999999999999,20.44,20.44,1.44320024543376
ORBIT(MARS) YAGODNIY MIKS BERRY MIX F 10P 0.0136KG WP,2021.0,Orbit OTC,Lenta,2021-04-11,NA,21_Orbit Reinforce chew EBA_21_Orbit Reinforce chew EBA_21_Orbit Reinforce chew EBA_21_Orbit Reinforce chew EBA_21_Orbit Reinforce chew EBA_21_Orbit Reinforce chew EBA_21_Orbit Reinforce chew EBA_21_Orbit Reinforce chew EBA_21_Orbit Reinforce chew EBA_21_Orbit Reinforce chew EBA,['2 + 1 free'],0.25,15,0.05,0.2732,4.900833333333335,Orbit OTC,19.09999999999999,20.44,20.44,1.47430163280537
ORBIT(MARS) YAGODNIY MIKS BERRY MIX F 10P 0.0136KG WP,2021.0,Orbit OTC,Lenta,2021-04-18,NA,21_Orbit Reinforce chew EBA_21_Orbit Reinforce chew EBA_21_Orbit Reinforce chew EBA_21_Orbit Reinforce chew EBA_21_Orbit Reinforce chew EBA_21_Orbit Reinforce chew EBA_21_Orbit Reinforce chew EBA_21_Orbit Reinforce chew EBA_21_Orbit Reinforce chew EBA_21_Orbit Reinforce chew EBA,['2 + 1 free'],0.25,16,0.05,0.2732,4.900833333333335,Orbit OTC,19.09999999999999,20.44,20.44,1.47430163280537
ORBIT(MARS) YAGODNIY MIKS BERRY MIX F 10P 0.0136KG WP,2021.0,Orbit OTC,Lenta,2021-04-25,NA,21_Orbit Reinforce chew EBA_21_Orbit Reinforce chew EBA_21_Orbit Reinforce chew EBA_21_Orbit Reinforce chew EBA_21_Orbit Reinforce chew EBA_21_Orbit Reinforce chew EBA_21_Orbit Reinforce chew EBA_21_Orbit Reinforce chew EBA_21_Orbit Reinforce chew EBA_21_Orbit Reinforce chew EBA,['2 + 1 free'],0.25,17,0.05,0.2732,4.900833333333335,Orbit OTC,19.09999999999999,20.44,20.44,1.47430163280537
ORBIT(MARS) YAGODNIY MIKS BERRY MIX F 10P 0.0136KG WP,2021.0,Orbit OTC,Lenta,2021-05-02,NA,21_Orbit Reinforce chew EBA_21_Orbit Reinforce chew EBA_21_Orbit Reinforce chew EBA_21_Orbit Reinforce chew EBA_21_Orbit Reinforce chew EBA_21_Orbit Reinforce chew EBA_21_Orbit Reinforce chew EBA_21_Orbit Reinforce chew EBA_21_Orbit Reinforce chew EBA_21_Orbit Reinforce chew EBA,['2 + 1 free'],0.25,18,0.05,0.2732,4.900833333333335,Orbit OTC,19.09999999999999,20.44,20.44,1.47430163280537
ORBIT(MARS) YAGODNIY MIKS BERRY MIX F 10P 0.0136KG WP,2021.0,Orbit OTC,Lenta,2021-05-09,NA,21_Orbit Reinforce chew EBA_21_Orbit Reinforce chew EBA_21_Orbit Reinforce chew EBA_21_Orbit Reinforce chew EBA_21_Orbit Reinforce chew EBA_21_Orbit Reinforce chew EBA_21_Orbit Reinforce chew EBA_21_Orbit Reinforce chew EBA_21_Orbit Reinforce chew EBA_21_Orbit Reinforce chew EBA,['2 + 1 free'],0.25,19,0.05,0.2732,4.900833333333335,Orbit OTC,19.09999999999999,20.44,20.44,1.47430163280537
ORBIT(MARS) YAGODNIY MIKS BERRY MIX F 10P 0.0136KG WP,2021.0,Orbit OTC,Lenta,2021-05-23,NA,Customized Promo_Customized Promo_Customized Promo_Customized Promo_Customized Promo_Customized Promo_Customized Promo_Customized Promo_Customized Promo,['No discount'],0.1,21,0.05,0.2732,4.900833333333335,Orbit OTC,19.09999999999999,20.44,20.44,0.769979864692771
ORBIT(MARS) YAGODNIY MIKS BERRY MIX F 10P 0.0136KG WP,2021.0,Orbit OTC,Lenta,2021-05-30,NA,Customized Promo_Customized Promo_Customized Promo_Customized Promo_Customized Promo_Customized Promo_Customized Promo_Customized Promo_Customized Promo,['No discount'],0.1,22,0.05,0.2732,4.900833333333335,Orbit OTC,19.09999999999999,20.44,20.44,0.769979864692771
ORBIT(MARS) YAGODNIY MIKS BERRY MIX F 10P 0.0136KG WP,2021.0,Orbit OTC,Lenta,2021-06-06,NA,Customized Promo_Customized Promo_Customized Promo_Customized Promo_Customized Promo_Customized Promo_Customized Promo_Customized Promo_Customized Promo,['No discount'],0.1,23,0.05,0.2732,4.900833333333335,Orbit OTC,19.09999999999999,20.44,20.44,0.769979864692771
ORBIT(MARS) YAGODNIY MIKS BERRY MIX F 10P 0.0136KG WP,2021.0,Orbit OTC,Lenta,2021-07-18,NA,21_ORBIT DATING EBA_21_ORBIT DATING EBA_21_ORBIT DATING EBA_21_ORBIT DATING EBA_21_ORBIT DATING EBA_21_ORBIT DATING EBA_21_ORBIT DATING EBA_21_ORBIT DATING EBA_21_ORBIT DATING EBA_21_ORBIT DATING EBA,['2 + 1 free'],0.25,29,0.05,0.2732,4.900833333333335,Orbit OTC,19.09999999999999,20.44,20.44,1.49541377789079
ORBIT(MARS) YAGODNIY MIKS BERRY MIX F 10P 0.0136KG WP,2021.0,Orbit OTC,Lenta,2021-07-25,NA,21_ORBIT DATING EBA_21_ORBIT DATING EBA_21_ORBIT DATING EBA_21_ORBIT DATING EBA_21_ORBIT DATING EBA_21_ORBIT DATING EBA_21_ORBIT DATING EBA_21_ORBIT DATING EBA_21_ORBIT DATING EBA_21_ORBIT DATING EBA,['2 + 1 free'],0.25,30,0.05,0.2732,4.900833333333335,Orbit OTC,19.09999999999999,20.44,20.44,1.49541377789079
ORBIT(MARS) YAGODNIY MIKS BERRY MIX F 10P 0.0136KG WP,2021.0,Orbit OTC,Lenta,2021-08-01,NA,21_ORBIT DATING EBA_21_ORBIT DATING EBA_21_ORBIT DATING EBA_21_ORBIT DATING EBA_21_ORBIT DATING EBA_21_ORBIT DATING EBA_21_ORBIT DATING EBA_21_ORBIT DATING EBA_21_ORBIT DATING EBA_21_ORBIT DATING EBA,['2 + 1 free'],0.25,31,0.05,0.2732,4.900833333333335,Orbit OTC,19.09999999999999,20.44,20.44,1.49541377789079
ORBIT(MARS) YAGODNIY MIKS BERRY MIX F 10P 0.0136KG WP,2021.0,Orbit OTC,Lenta,2021-09-26,NA,Tactical Promo_Tactical Promo_Tactical Promo_Tactical Promo_Tactical Promo_Tactical Promo_Tactical Promo_Tactical Promo_Tactical Promo_Tactical Promo,['2 + 1 free'],0.25,39,0.05,0.2732,4.900833333333335,Orbit OTC,19.09999999999999,20.44,20.44,1.4840172950365
ORBIT(MARS) YAGODNIY MIKS BERRY MIX F 10P 0.0136KG WP,2021.0,Orbit OTC,Lenta,2021-10-03,NA,Tactical Promo_Tactical Promo_Tactical Promo_Tactical Promo_Tactical Promo_Tactical Promo_Tactical Promo_Tactical Promo_Tactical Promo_Tactical Promo,['2 + 1 free'],0.25,40,0.05,0.2732,4.900833333333335,Orbit OTC,19.09999999999999,20.44,20.44,1.4840172950365
ORBIT(MARS) YAGODNIY MIKS BERRY MIX F 10P 0.0136KG WP,2021.0,Orbit OTC,Lenta,2021-10-10,NA,Tactical Promo_Tactical Promo_Tactical Promo_Tactical Promo_Tactical Promo_Tactical Promo_Tactical Promo_Tactical Promo_Tactical Promo_Tactical Promo,['2 + 1 free'],0.25,41,0.05,0.2732,4.900833333333335,Orbit OTC,19.09999999999999,20.44,20.44,1.4840172950365
ORBIT(MARS) YAGODNIY MIKS BERRY MIX F 10P 0.0136KG WP,2021.0,Orbit OTC,Lenta,2021-12-05,NA,Tactical Promo_Tactical Promo_Tactical Promo_Tactical Promo_Tactical Promo_Tactical Promo_Tactical Promo_Tactical Promo_Tactical Promo_Tactical Promo,['2 + 1 free'],0.25,49,0.05,0.2732,4.900833333333335,Orbit OTC,19.09999999999999,20.44,20.44,1.48608335856033
ORBIT(MARS) YAGODNIY MIKS BERRY MIX F 10P 0.0136KG WP,2021.0,Orbit OTC,Lenta,2021-12-12,NA,Tactical Promo_Tactical Promo_Tactical Promo_Tactical Promo_Tactical Promo_Tactical Promo_Tactical Promo_Tactical Promo_Tactical Promo_Tactical Promo,['2 + 1 free'],0.25,50,0.05,0.2732,4.900833333333335,Orbit OTC,19.09999999999999,20.44,20.44,1.48608335856033
ORBIT(MARS) YAGODNIY MIKS BERRY MIX F 10P 0.0136KG WP,2021.0,Orbit OTC,Lenta,2021-12-19,NA,Tactical Promo_Tactical Promo_Tactical Promo_Tactical Promo_Tactical Promo_Tactical Promo_Tactical Promo_Tactical Promo_Tactical Promo_Tactical Promo,['2 + 1 free'],0.25,51,0.05,0.2732,4.900833333333335,Orbit OTC,19.09999999999999,20.44,20.44,1.48608335856033
ORBIT(MARS) YAGODNIY MIKS BERRY MIX F 10P 0.0136KG WP,2021.0,Orbit OTC,Lenta,2021-12-26,NA,Tactical Promo_Tactical Promo_Tactical Promo_Tactical Promo_Tactical Promo_Tactical Promo_Tactical Promo_Tactical Promo_Tactical Promo_Tactical Promo,['2 + 1 free'],0.25,52,0.05,0.2732,4.900833333333335,Orbit OTC,19.09999999999999,20.44,20.44,1.48608335856033
ORBIT(MARS) WHITE XXL SOFT MINT F 15P 0.0204KG WP,2021.0,Orbit XXL,Lenta,2021-01-03,NA,[Unknown],['2 + 1 free'],0.23,1,0.05,0.2732,7.030000000000005,Orbit XXL,24.44999999999999,26.41,26.41,
ORBIT(MARS) WHITE XXL SOFT MINT F 15P 0.0204KG WP,2021.0,Orbit XXL,Lenta,2021-01-31,NA,Tactical Promo_Tactical Promo_Tactical Promo_Tactical Promo_Tactical Promo,['2 + 1 free'],0.23,5,0.05,0.2732,7.030000000000005,Orbit XXL,24.44999999999999,26.41,26.41,1.52160966162416
ORBIT(MARS) WHITE XXL SOFT MINT F 15P 0.0204KG WP,2021.0,Orbit XXL,Lenta,2021-02-07,NA,Tactical Promo_Tactical Promo_Tactical Promo_Tactical Promo_Tactical Promo,['2 + 1 free'],0.23,6,0.05,0.2732,7.030000000000005,Orbit XXL,24.44999999999999,26.41,26.41,1.52160966162416
ORBIT(MARS) WHITE XXL SOFT MINT F 15P 0.0204KG WP,2021.0,Orbit XXL,Lenta,2021-02-14,NA,Tactical Promo_Tactical Promo_Tactical Promo_Tactical Promo_Tactical Promo,['2 + 1 free'],0.23,7,0.05,0.2732,7.030000000000005,Orbit XXL,24.44999999999999,26.41,26.41,1.52160966162416
ORBIT(MARS) WHITE XXL SOFT MINT F 15P 0.0204KG WP,2021.0,Orbit XXL,Lenta,2021-04-11,NA,Tactical Promo_Tactical Promo_Tactical Promo_Tactical Promo_Tactical Promo,['2 + 1 free'],0.23,15,0.05,0.2732,7.030000000000005,Orbit XXL,24.44999999999999,26.41,26.41,1.40190795390928
ORBIT(MARS) WHITE XXL SOFT MINT F 15P 0.0204KG WP,2021.0,Orbit XXL,Lenta,2021-04-18,NA,Tactical Promo_Tactical Promo_Tactical Promo_Tactical Promo_Tactical Promo,['2 + 1 free'],0.23,16,0.05,0.2732,7.030000000000005,Orbit XXL,24.44999999999999,26.41,26.41,1.40190795390928
ORBIT(MARS) WHITE XXL SOFT MINT F 15P 0.0204KG WP,2021.0,Orbit XXL,Lenta,2021-04-25,NA,Tactical Promo_Tactical Promo_Tactical Promo_Tactical Promo_Tactical Promo,['2 + 1 free'],0.23,17,0.05,0.2732,7.030000000000005,Orbit XXL,24.44999999999999,26.41,26.41,1.40190795390928
ORBIT(MARS) WHITE XXL SOFT MINT F 15P 0.0204KG WP,2021.0,Orbit XXL,Lenta,2021-05-02,NA,Tactical Promo_Tactical Promo_Tactical Promo_Tactical Promo_Tactical Promo,['2 + 1 free'],0.23,18,0.05,0.2732,7.030000000000005,Orbit XXL,24.44999999999999,26.41,26.41,1.40190795390928
ORBIT(MARS) WHITE XXL SOFT MINT F 15P 0.0204KG WP,2021.0,Orbit XXL,Lenta,2021-05-09,NA,Tactical Promo_Tactical Promo_Tactical Promo_Tactical Promo_Tactical Promo,['2 + 1 free'],0.23,19,0.05,0.2732,7.030000000000005,Orbit XXL,24.44999999999999,26.41,26.41,1.40190795390928
ORBIT(MARS) WHITE XXL SOFT MINT F 15P 0.0204KG WP,2021.0,Orbit XXL,Lenta,2021-05-23,NA,Customized Promo_Customized Promo_Customized Promo_Customized Promo_Customized Promo,['No discount'],0.1,21,0.05,0.2732,7.030000000000005,Orbit XXL,24.44999999999999,26.41,26.41,0.901061698550093
ORBIT(MARS) WHITE XXL SOFT MINT F 15P 0.0204KG WP,2021.0,Orbit XXL,Lenta,2021-05-30,NA,Customized Promo_Customized Promo_Customized Promo_Customized Promo_Customized Promo,['No discount'],0.1,22,0.05,0.2732,7.030000000000005,Orbit XXL,24.44999999999999,26.41,26.41,0.901061698550093
ORBIT(MARS) WHITE XXL SOFT MINT F 15P 0.0204KG WP,2021.0,Orbit XXL,Lenta,2021-06-06,NA,Customized Promo_Customized Promo_Customized Promo_Customized Promo_Customized Promo,['No discount'],0.1,23,0.05,0.2732,7.030000000000005,Orbit XXL,24.44999999999999,26.41,26.41,0.901061698550093
ORBIT(MARS) WHITE XXL SOFT MINT F 15P 0.0204KG WP,2021.0,Orbit XXL,Lenta,2021-07-04,NA,21_ORBIT DATING EBA_21_ORBIT DATING EBA_21_ORBIT DATING EBA_21_ORBIT DATING EBA_21_ORBIT DATING EBA,['2 + 1 free'],0.23,27,0.05,0.2732,7.030000000000005,Orbit XXL,24.44999999999999,26.41,26.41,1.55741893300765
ORBIT(MARS) WHITE XXL SOFT MINT F 15P 0.0204KG WP,2021.0,Orbit XXL,Lenta,2021-07-11,NA,21_ORBIT DATING EBA_21_ORBIT DATING EBA_21_ORBIT DATING EBA_21_ORBIT DATING EBA_21_ORBIT DATING EBA,['2 + 1 free'],0.23,28,0.05,0.2732,7.030000000000005,Orbit XXL,24.44999999999999,26.41,26.41,1.55741893300765
ORBIT(MARS) WHITE XXL SOFT MINT F 15P 0.0204KG WP,2021.0,Orbit XXL,Lenta,2021-07-18,NA,21_ORBIT DATING EBA_21_ORBIT DATING EBA_21_ORBIT DATING EBA_21_ORBIT DATING EBA_21_ORBIT DATING EBA,['2 + 1 free'],0.23,29,0.05,0.2732,7.030000000000005,Orbit XXL,24.44999999999999,26.41,26.41,1.55741893300765
ORBIT(MARS) WHITE XXL SOFT MINT F 15P 0.0204KG WP,2021.0,Orbit XXL,Lenta,2021-11-07,NA,Tactical Promo_Tactical Promo_Tactical Promo_Tactical Promo_Tactical Promo,['2 + 1 free'],0.23,45,0.05,0.2732,7.030000000000005,Orbit XXL,24.44999999999999,26.41,26.41,1.41041632916143
ORBIT(MARS) WHITE XXL SOFT MINT F 15P 0.0204KG WP,2021.0,Orbit XXL,Lenta,2021-11-14,NA,Tactical Promo_Tactical Promo_Tactical Promo_Tactical Promo_Tactical Promo,['2 + 1 free'],0.23,46,0.05,0.2732,7.030000000000005,Orbit XXL,24.44999999999999,26.41,26.41,1.41041632916143
ORBIT(MARS) WHITE XXL SOFT MINT F 15P 0.0204KG WP,2021.0,Orbit XXL,Lenta,2021-11-21,NA,Tactical Promo_Tactical Promo_Tactical Promo_Tactical Promo_Tactical Promo,['2 + 1 free'],0.23,47,0.05,0.2732,7.030000000000005,Orbit XXL,24.44999999999999,26.41,26.41,1.41041632916143
ORBIT(MARS) WHITE XXL SOFT MINT F 15P 0.0204KG WP,2021.0,Orbit XXL,Lenta,2021-12-05,NA,Tactical Promo_Tactical Promo_Tactical Promo_Tactical Promo_Tactical Promo,['2 + 1 free'],0.23,49,0.05,0.2732,7.030000000000005,Orbit XXL,24.44999999999999,26.41,26.41,1.40772686059646
ORBIT(MARS) WHITE XXL SOFT MINT F 15P 0.0204KG WP,2021.0,Orbit XXL,Lenta,2021-12-12,NA,Tactical Promo_Tactical Promo_Tactical Promo_Tactical Promo_Tactical Promo,['2 + 1 free'],0.23,50,0.05,0.2732,7.030000000000005,Orbit XXL,24.44999999999999,26.41,26.41,1.40772686059646
ORBIT(MARS) WHITE XXL SOFT MINT F 15P 0.0204KG WP,2021.0,Orbit XXL,Lenta,2021-12-19,NA,Tactical Promo_Tactical Promo_Tactical Promo_Tactical Promo_Tactical Promo,['2 + 1 free'],0.23,51,0.05,0.2732,7.030000000000005,Orbit XXL,24.44999999999999,26.41,26.41,1.40772686059646
ORBIT(MARS) WHITE XXL SOFT MINT F 15P 0.0204KG WP,2021.0,Orbit XXL,Lenta,2021-12-26,NA,Tactical Promo_Tactical Promo_Tactical Promo_Tactical Promo_Tactical Promo,['2 + 1 free'],0.23,52,0.05,0.2732,7.030000000000005,Orbit XXL,24.44999999999999,26.41,26.41,1.40772686059646
SNICKERS KRISPER MCH CARML&CRNCHY-RC-BLLS&PNT BR 0.06KG,2021.0,Snickers Crisp Trio,Lenta,2021-03-14,NA,"21_Snickers EBA, Nut Butter +BBP#1",['Single price off % discount'],0.15,11,0.05,0.1993,13.589285714285715,Snickers Crisp Trio,25.1,26.68,26.68,0.747722375919013
SNICKERS KRISPER MCH CARML&CRNCHY-RC-BLLS&PNT BR 0.06KG,2021.0,Snickers Crisp Trio,Lenta,2021-03-21,NA,"21_Snickers EBA, Nut Butter +BBP#1",['Single price off % discount'],0.15,12,0.05,0.1993,13.589285714285715,Snickers Crisp Trio,25.1,26.68,26.68,0.747722375919013
SNICKERS KRISPER MCH CARML&CRNCHY-RC-BLLS&PNT BR 0.06KG,2021.0,Snickers Crisp Trio,Lenta,2021-03-28,NA,"21_Snickers EBA, Nut Butter +BBP#1",['Single price off % discount'],0.15,13,0.05,0.1993,13.589285714285715,Snickers Crisp Trio,25.1,26.68,26.68,0.747722375919013
SNICKERS KRISPER MCH CARML&CRNCHY-RC-BLLS&PNT BR 0.06KG,2021.0,Snickers Crisp Trio,Lenta,2021-08-29,NA,21_Snickers EBA + BBP#2,['Single price off % discount'],0.15,35,0.05,0.1993,13.589285714285715,Snickers Crisp Trio,25.1,26.68,26.68,0.733622844766272
SNICKERS KRISPER MCH CARML&CRNCHY-RC-BLLS&PNT BR 0.06KG,2021.0,Snickers Crisp Trio,Lenta,2021-09-05,NA,21_Snickers EBA + BBP#2,['Single price off % discount'],0.15,36,0.05,0.1993,13.589285714285715,Snickers Crisp Trio,25.1,26.68,26.68,0.733622844766272
SNICKERS KRISPER MCH CARML&CRNCHY-RC-BLLS&PNT BR 0.06KG,2021.0,Snickers Crisp Trio,Lenta,2021-09-12,NA,21_Snickers EBA + BBP#2,['Single price off % discount'],0.15,37,0.05,0.1993,13.589285714285715,Snickers Crisp Trio,25.1,26.68,26.68,0.733622844766272
SNICKERS KRISPER MCH CARML&CRNCHY-RC-BLLS&PNT BR 0.06KG,2021.0,Snickers Crisp Trio,Lenta,2021-09-19,NA,21_Snickers EBA + BBP#2,['Single price off % discount'],0.15,38,0.05,0.1993,13.589285714285715,Snickers Crisp Trio,25.1,26.68,26.68,0.733622844766272
SNICKERS KRISPER MCH CARML&CRNCHY-RC-BLLS&PNT BR 0.06KG,2021.0,Snickers Crisp Trio,Lenta,2021-09-26,NA,21_Snickers EBA + BBP#2,['Single price off % discount'],0.15,39,0.05,0.1993,13.589285714285715,Snickers Crisp Trio,25.1,26.68,26.68,0.733622844766272
SNICKERS KRISPER MCH CARML&CRNCHY-RC-BLLS&PNT BR 0.06KG,2021.0,Snickers Crisp Trio,Lenta,2021-10-24,NA,21_Snickers EBA + BBP#3,['Single price off % discount'],0.15,43,0.05,0.1993,13.589285714285715,Snickers Crisp Trio,25.1,26.68,26.68,0.760404961891075
SNICKERS KRISPER MCH CARML&CRNCHY-RC-BLLS&PNT BR 0.06KG,2021.0,Snickers Crisp Trio,Lenta,2021-10-31,NA,21_Snickers EBA + BBP#3,['Single price off % discount'],0.15,44,0.05,0.1993,13.589285714285715,Snickers Crisp Trio,25.1,26.68,26.68,0.760404961891075
SNICKERS KRISPER MCH CARML&CRNCHY-RC-BLLS&PNT BR 0.06KG,2021.0,Snickers Crisp Trio,Lenta,2021-11-07,NA,21_Snickers EBA + BBP#3,['Single price off % discount'],0.15,45,0.05,0.1993,13.589285714285715,Snickers Crisp Trio,25.1,26.68,26.68,0.760404961891075
SNICKERS KRISPER MCH CARML&CRNCHY-RC-BLLS&PNT BR 0.06KG,2021.0,Snickers Crisp Trio,Lenta,2021-11-14,NA,21_Snickers EBA + BBP#3,['Single price off % discount'],0.15,46,0.05,0.1993,13.589285714285715,Snickers Crisp Trio,25.1,26.68,26.68,0.760404961891075
